medication_name,generic_name,manufacturer,use
Losartan 50 mg,Losartan,FarmaCorp,Anemia of chronic disease
Heparin 5000 IU,Heparin,FarmaCorp,Dysthymic disorder
Morphine 5 mg,Morphine,FarmaCorp,Scarlet fever
Prednisone 10 mg,Prednisone,FarmaCorp,Hypertensive heart disease
Salbutamol Inhaler 100 mcg,Salbutamol,FarmaCorp,Drug abuse (barbiturates)
Paracetamol 500 mg,Paracetamol,FarmaCorp,Polycystic ovarian syndrome (PCOS)
Furosemide 40 mg,Furosemide,FarmaCorp,Encephalitis
Azithromycin 250 mg,Azithromycin,FarmaCorp,Cyst of the eyelid
Metformin 500 mg,Metformin,FarmaCorp,Balanitis
Clopidogrel 75 mg,Clopidogrel,FarmaCorp,Foreign body in the throat
Heparin 5000 IU,Heparin,FarmaCorp,Drug abuse (cocaine)
Ciprofloxacin 500 mg,Ciprofloxacin,FarmaCorp,Optic neuritis
Ciprofloxacin 500 mg,Ciprofloxacin,FarmaCorp,Alcohol withdrawal
Aspirin 100 mg,Aspirin,FarmaCorp,Premature atrial contractions (PACs)
Heparin 5000 IU,Heparin,FarmaCorp,Hemiplegia
Losartan 50 mg,Losartan,FarmaCorp,Hammer toe
Azithromycin 250 mg,Azithromycin,FarmaCorp,Open wound of the cheek
Furosemide 40 mg,Furosemide,FarmaCorp,Joint effusion
Insulin 10 IU,Insulin,FarmaCorp,Open wound of the knee
Heparin 5000 IU,Heparin,FarmaCorp,Meningioma
Levothyroxine 50 mcg,Levothyroxine,FarmaCorp,Brain cancer
Azithromycin 250 mg,Azithromycin,FarmaCorp,Placental abruption
Insulin 10 IU,Insulin,FarmaCorp,Seasonal allergies (hay fever)
Losartan 50 mg,Losartan,FarmaCorp,Lung cancer
Clopidogrel 75 mg,Clopidogrel,FarmaCorp,Eye alignment disorder
Clopidogrel 75 mg,Clopidogrel,FarmaCorp,Headache after lumbar puncture
Amoxicillin 500 mg,Amoxicillin,FarmaCorp,Pyloric stenosis
Ibuprofen 400 mg,Ibuprofen,FarmaCorp,Salivary gland disorder
Metformin 500 mg,Metformin,FarmaCorp,Osteochondrosis
Losartan 50 mg,Losartan,FarmaCorp,Injury to the knee
Furosemide 40 mg,Furosemide,FarmaCorp,Metabolic disorder
Atorvastatin 20 mg,Atorvastatin,FarmaCorp,Vaginitis
Morphine 5 mg,Morphine,FarmaCorp,Sick sinus syndrome
Furosemide 40 mg,Furosemide,FarmaCorp,Tinnitus of unknown cause
Morphine 5 mg,Morphine,FarmaCorp,Glaucoma
Prednisone 10 mg,Prednisone,FarmaCorp,Eating disorder
Furosemide 40 mg,Furosemide,FarmaCorp,Transient ischemic attack
Amlodipine 5 mg,Amlodipine,FarmaCorp,Pyelonephritis
Metformin 500 mg,Metformin,FarmaCorp,Rotator cuff injury
Azithromycin 250 mg,Azithromycin,FarmaCorp,Chronic pain disorder
Aspirin 100 mg,Aspirin,FarmaCorp,Problem during pregnancy
Heparin 5000 IU,Heparin,FarmaCorp,Liver cancer
Azithromycin 250 mg,Azithromycin,FarmaCorp,Atelectasis
Insulin 10 IU,Insulin,FarmaCorp,Injury to the hand
Losartan 50 mg,Losartan,FarmaCorp,Choledocholithiasis
Losartan 50 mg,Losartan,FarmaCorp,Injury to the hip
Amlodipine 5 mg,Amlodipine,FarmaCorp,Cirrhosis
Azithromycin 250 mg,Azithromycin,FarmaCorp,Thoracic aortic aneurysm
Morphine 5 mg,Morphine,FarmaCorp,Subdural hemorrhage
Insulin 10 IU,Insulin,FarmaCorp,Congenital rubella
Heparin 5000 IU,Heparin,FarmaCorp,Diabetic retinopathy
Losartan 50 mg,Losartan,FarmaCorp,Fibromyalgia
Levothyroxine 50 mcg,Levothyroxine,FarmaCorp,Ischemia of the bowel
Metformin 500 mg,Metformin,FarmaCorp,Fetal alcohol syndrome
Clopidogrel 75 mg,Clopidogrel,FarmaCorp,Peritonitis
Insulin 10 IU,Insulin,FarmaCorp,Injury to the abdomen
Omeprazole 20 mg,Omeprazole,FarmaCorp,Acute pancreatitis
Clopidogrel 75 mg,Clopidogrel,FarmaCorp,Thrombophlebitis
Omeprazole 20 mg,Omeprazole,FarmaCorp,Asthma
Prednisone 10 mg,Prednisone,FarmaCorp,Foreign body in the vagina
Clopidogrel 75 mg,Clopidogrel,FarmaCorp,Restless leg syndrome
Omeprazole 20 mg,Omeprazole,FarmaCorp,Emphysema
Ibuprofen 400 mg,Ibuprofen,FarmaCorp,Cysticercosis
Amlodipine 5 mg,Amlodipine,FarmaCorp,Induced abortion
Atorvastatin 20 mg,Atorvastatin,FarmaCorp,Teething syndrome
Aspirin 100 mg,Aspirin,FarmaCorp,Infectious gastroenteritis
Prednisone 10 mg,Prednisone,FarmaCorp,Acute sinusitis
Furosemide 40 mg,Furosemide,FarmaCorp,Von Hippel-Lindau disease
Insulin 10 IU,Insulin,FarmaCorp,Substance-related mental disorder
Salbutamol Inhaler 100 mcg,Salbutamol,FarmaCorp,Postpartum depression
Ibuprofen 400 mg,Ibuprofen,FarmaCorp,Coronary atherosclerosis
Heparin 5000 IU,Heparin,FarmaCorp,Spondylitis
Insulin 10 IU,Insulin,FarmaCorp,Pituitary adenoma
Amoxicillin 500 mg,Amoxicillin,FarmaCorp,Uterine fibroids
Insulin 10 IU,Insulin,FarmaCorp,Idiopathic nonmenstrual bleeding
Salbutamol Inhaler 100 mcg,Salbutamol,FarmaCorp,Chalazion
Salbutamol Inhaler 100 mcg,Salbutamol,FarmaCorp,Ovarian torsion
Clopidogrel 75 mg,Clopidogrel,FarmaCorp,Retinopathy due to high blood pressure
Ciprofloxacin 500 mg,Ciprofloxacin,FarmaCorp,Vaginal yeast infection
Aspirin 100 mg,Aspirin,FarmaCorp,Mastoiditis
Clopidogrel 75 mg,Clopidogrel,FarmaCorp,Lung contusion
Metformin 500 mg,Metformin,FarmaCorp,Hypertrophic obstructive cardiomyopathy (HOCM)
Paracetamol 500 mg,Paracetamol,FarmaCorp,Ingrown toe nail
Azithromycin 250 mg,Azithromycin,FarmaCorp,Pulmonary eosinophilia
Paracetamol 500 mg,Paracetamol,FarmaCorp,Open wound of the hip
Omeprazole 20 mg,Omeprazole,FarmaCorp,Corneal disorder
Heparin 5000 IU,Heparin,FarmaCorp,Foreign body in the gastrointestinal tract
Paracetamol 500 mg,Paracetamol,FarmaCorp,Endophthalmitis
Amoxicillin 500 mg,Amoxicillin,FarmaCorp,Intestinal malabsorption
Omeprazole 20 mg,Omeprazole,FarmaCorp,Lead poisoning
Amoxicillin 500 mg,Amoxicillin,FarmaCorp,Viral warts
Morphine 5 mg,Morphine,FarmaCorp,Hyperhidrosis
Ibuprofen 400 mg,Ibuprofen,FarmaCorp,Stroke
Azithromycin 250 mg,Azithromycin,FarmaCorp,Pilonidal cyst
Losartan 50 mg,Losartan,FarmaCorp,Crushing injury
Levothyroxine 50 mcg,Levothyroxine,FarmaCorp,Normal pressure hydrocephalus
Salbutamol Inhaler 100 mcg,Salbutamol,FarmaCorp,Alopecia
Clopidogrel 75 mg,Clopidogrel,FarmaCorp,Hashimoto thyroiditis
Prednisone 10 mg,Prednisone,FarmaCorp,Flat feet
Paracetamol 500 mg,Paracetamol,FarmaCorp,Nonalcoholic liver disease (NASH)
Sertraline 50 mg,Sertraline,FarmaCorp,Hemarthrosis
Omeprazole 20 mg,Omeprazole,FarmaCorp,Pelvic organ prolapse
Paracetamol 500 mg,Paracetamol,FarmaCorp,Fracture of the arm
Amlodipine 5 mg,Amlodipine,FarmaCorp,Coagulation (bleeding) disorder
Heparin 5000 IU,Heparin,FarmaCorp,Panic disorder
Omeprazole 20 mg,Omeprazole,FarmaCorp,Vocal cord polyp
Prednisone 10 mg,Prednisone,FarmaCorp,Turner syndrome
Clopidogrel 75 mg,Clopidogrel,FarmaCorp,Cryptorchidism
Ibuprofen 400 mg,Ibuprofen,FarmaCorp,Poisoning due to ethylene glycol
Amoxicillin 500 mg,Amoxicillin,FarmaCorp,Atrophic vaginitis
Insulin 10 IU,Insulin,FarmaCorp,Fracture of the hand
Sertraline 50 mg,Sertraline,FarmaCorp,Cellulitis or abscess of mouth
Atorvastatin 20 mg,Atorvastatin,FarmaCorp,Food allergy
Paracetamol 500 mg,Paracetamol,FarmaCorp,Labyrinthitis
Atorvastatin 20 mg,Atorvastatin,FarmaCorp,Anxiety
Amlodipine 5 mg,Amlodipine,FarmaCorp,Impulse control disorder
Prednisone 10 mg,Prednisone,FarmaCorp,Stenosis of the tear duct
Amlodipine 5 mg,Amlodipine,FarmaCorp,Abscess of nose
Heparin 5000 IU,Heparin,FarmaCorp,Omphalitis
Azithromycin 250 mg,Azithromycin,FarmaCorp,Leukemia
Omeprazole 20 mg,Omeprazole,FarmaCorp,Bell palsy
Ciprofloxacin 500 mg,Ciprofloxacin,FarmaCorp,Conjunctivitis due to allergy
Prednisone 10 mg,Prednisone,FarmaCorp,Drug reaction
Aspirin 100 mg,Aspirin,FarmaCorp,Adrenal cancer
Sertraline 50 mg,Sertraline,FarmaCorp,Myopia
Azithromycin 250 mg,Azithromycin,FarmaCorp,Osteoarthritis
Omeprazole 20 mg,Omeprazole,FarmaCorp,Thyroid disease
Omeprazole 20 mg,Omeprazole,FarmaCorp,Pharyngitis
Losartan 50 mg,Losartan,FarmaCorp,Chronic rheumatic fever
Paracetamol 500 mg,Paracetamol,FarmaCorp,Hypocalcemia
Insulin 10 IU,Insulin,FarmaCorp,Macular degeneration
Atorvastatin 20 mg,Atorvastatin,FarmaCorp,Pneumonia
Clopidogrel 75 mg,Clopidogrel,FarmaCorp,Cold sore
Atorvastatin 20 mg,Atorvastatin,FarmaCorp,Premature ventricular contractions (PVCs)
Azithromycin 250 mg,Azithromycin,FarmaCorp,Chancroid
Losartan 50 mg,Losartan,FarmaCorp,Testicular cancer
Sertraline 50 mg,Sertraline,FarmaCorp,Hydrocephalus
Furosemide 40 mg,Furosemide,FarmaCorp,Breast cancer
Atorvastatin 20 mg,Atorvastatin,FarmaCorp,Anemia due to malignancy
Omeprazole 20 mg,Omeprazole,FarmaCorp,Esophageal varices
Sertraline 50 mg,Sertraline,FarmaCorp,Endometrial cancer
Morphine 5 mg,Morphine,FarmaCorp,Cystic Fibrosis
Metformin 500 mg,Metformin,FarmaCorp,Intertrigo (skin condition)
Amlodipine 5 mg,Amlodipine,FarmaCorp,Parathyroid adenoma
Heparin 5000 IU,Heparin,FarmaCorp,Glucocorticoid deficiency
Azithromycin 250 mg,Azithromycin,FarmaCorp,Temporomandibular joint disorder
Ciprofloxacin 500 mg,Ciprofloxacin,FarmaCorp,Wilson disease
Omeprazole 20 mg,Omeprazole,FarmaCorp,Vesicoureteral reflux
Heparin 5000 IU,Heparin,FarmaCorp,Vitamin A deficiency
Levothyroxine 50 mcg,Levothyroxine,FarmaCorp,Gonorrhea
Prednisone 10 mg,Prednisone,FarmaCorp,Fracture of the rib
Azithromycin 250 mg,Azithromycin,FarmaCorp,Ependymoma
Aspirin 100 mg,Aspirin,FarmaCorp,Hepatitis due to a toxin
Paracetamol 500 mg,Paracetamol,FarmaCorp,Vaginal cyst
Levothyroxine 50 mcg,Levothyroxine,FarmaCorp,Open wound of the shoulder
Furosemide 40 mg,Furosemide,FarmaCorp,Ectopic pregnancy
Salbutamol Inhaler 100 mcg,Salbutamol,FarmaCorp,Chronic knee pain
Clopidogrel 75 mg,Clopidogrel,FarmaCorp,Pinguecula
Ibuprofen 400 mg,Ibuprofen,FarmaCorp,Hypergammaglobulinemia
Clopidogrel 75 mg,Clopidogrel,FarmaCorp,Alcohol abuse
Amlodipine 5 mg,Amlodipine,FarmaCorp,Carpal tunnel syndrome
Salbutamol Inhaler 100 mcg,Salbutamol,FarmaCorp,Pituitary disorder
Prednisone 10 mg,Prednisone,FarmaCorp,Kidney stone
Morphine 5 mg,Morphine,FarmaCorp,Autism
Losartan 50 mg,Losartan,FarmaCorp,Cat scratch disease
Aspirin 100 mg,Aspirin,FarmaCorp,Chronic glaucoma
Amoxicillin 500 mg,Amoxicillin,FarmaCorp,Retinal detachment
Morphine 5 mg,Morphine,FarmaCorp,Aplastic anemia
Atorvastatin 20 mg,Atorvastatin,FarmaCorp,Overflow incontinence
Aspirin 100 mg,Aspirin,FarmaCorp,Rabies
Furosemide 40 mg,Furosemide,FarmaCorp,Hemolytic anemia
Levothyroxine 50 mcg,Levothyroxine,FarmaCorp,Lateral epicondylitis (tennis elbow)
Morphine 5 mg,Morphine,FarmaCorp,Open wound of the eye
Metformin 500 mg,Metformin,FarmaCorp,Syphilis
Furosemide 40 mg,Furosemide,FarmaCorp,Diabetic kidney disease
Atorvastatin 20 mg,Atorvastatin,FarmaCorp,Nose disorder
Losartan 50 mg,Losartan,FarmaCorp,Drug withdrawal
Amoxicillin 500 mg,Amoxicillin,FarmaCorp,Dental caries
Paracetamol 500 mg,Paracetamol,FarmaCorp,Hypercholesterolemia
Insulin 10 IU,Insulin,FarmaCorp,Fracture of the patella
Metformin 500 mg,Metformin,FarmaCorp,Kidney failure
Salbutamol Inhaler 100 mcg,Salbutamol,FarmaCorp,Fracture of the neck
Amoxicillin 500 mg,Amoxicillin,FarmaCorp,Muscle spasm
Sertraline 50 mg,Sertraline,FarmaCorp,Hemophilia
Insulin 10 IU,Insulin,FarmaCorp,Hyperosmotic hyperketotic state
Amoxicillin 500 mg,Amoxicillin,FarmaCorp,Peritonsillar abscess
Amlodipine 5 mg,Amlodipine,FarmaCorp,Gastroparesis
Paracetamol 500 mg,Paracetamol,FarmaCorp,Itching of unknown cause
Ciprofloxacin 500 mg,Ciprofloxacin,FarmaCorp,Fat embolism
Amlodipine 5 mg,Amlodipine,FarmaCorp,Polycythemia vera
Salbutamol Inhaler 100 mcg,Salbutamol,FarmaCorp,Thrombocytopenia
Amoxicillin 500 mg,Amoxicillin,FarmaCorp,Head and neck cancer
Amlodipine 5 mg,Amlodipine,FarmaCorp,Pseudohypoparathyroidism
Ciprofloxacin 500 mg,Ciprofloxacin,FarmaCorp,Goiter
Omeprazole 20 mg,Omeprazole,FarmaCorp,Urge incontinence
Heparin 5000 IU,Heparin,FarmaCorp,Edward syndrome
Levothyroxine 50 mcg,Levothyroxine,FarmaCorp,Open wound of the arm
Azithromycin 250 mg,Azithromycin,FarmaCorp,Muscular dystrophy
Salbutamol Inhaler 100 mcg,Salbutamol,FarmaCorp,Mittelschmerz
Metformin 500 mg,Metformin,FarmaCorp,Corneal abrasion
Sertraline 50 mg,Sertraline,FarmaCorp,Intracranial hemorrhage
Heparin 5000 IU,Heparin,FarmaCorp,Hyperkalemia
Salbutamol Inhaler 100 mcg,Salbutamol,FarmaCorp,Cornea infection
Prednisone 10 mg,Prednisone,FarmaCorp,Abscess of the lung
Prednisone 10 mg,Prednisone,FarmaCorp,Dengue fever
Ibuprofen 400 mg,Ibuprofen,FarmaCorp,Chronic sinusitis
Furosemide 40 mg,Furosemide,FarmaCorp,Cholesteatoma
Furosemide 40 mg,Furosemide,FarmaCorp,Volvulus
Sertraline 50 mg,Sertraline,FarmaCorp,Injury to the finger
Heparin 5000 IU,Heparin,FarmaCorp,Poisoning due to analgesics
Azithromycin 250 mg,Azithromycin,FarmaCorp,Atrial fibrillation
Ibuprofen 400 mg,Ibuprofen,FarmaCorp,Pinworm infection
Paracetamol 500 mg,Paracetamol,FarmaCorp,Urethral valves
Levothyroxine 50 mcg,Levothyroxine,FarmaCorp,Open wound of the neck
Metformin 500 mg,Metformin,FarmaCorp,Achalasia
Omeprazole 20 mg,Omeprazole,FarmaCorp,Conductive hearing loss
Prednisone 10 mg,Prednisone,FarmaCorp,Abdominal hernia
Amlodipine 5 mg,Amlodipine,FarmaCorp,Cerebral palsy
Metformin 500 mg,Metformin,FarmaCorp,Marijuana abuse
Salbutamol Inhaler 100 mcg,Salbutamol,FarmaCorp,Cryptococcosis
Prednisone 10 mg,Prednisone,FarmaCorp,Obesity
Levothyroxine 50 mcg,Levothyroxine,FarmaCorp,Indigestion
Insulin 10 IU,Insulin,FarmaCorp,Bursitis
Omeprazole 20 mg,Omeprazole,FarmaCorp,Esophageal cancer
Metformin 500 mg,Metformin,FarmaCorp,Pulmonary congestion
Amoxicillin 500 mg,Amoxicillin,FarmaCorp,Juvenile rheumatoid arthritis
Metformin 500 mg,Metformin,FarmaCorp,Actinic keratosis
Amlodipine 5 mg,Amlodipine,FarmaCorp,Acute otitis media
Atorvastatin 20 mg,Atorvastatin,FarmaCorp,Astigmatism
Azithromycin 250 mg,Azithromycin,FarmaCorp,Tuberous sclerosis
Ibuprofen 400 mg,Ibuprofen,FarmaCorp,Empyema
Sertraline 50 mg,Sertraline,FarmaCorp,Presbyacusis
Morphine 5 mg,Morphine,FarmaCorp,Neonatal jaundice
Aspirin 100 mg,Aspirin,FarmaCorp,Chronic obstructive pulmonary disease (COPD)
Aspirin 100 mg,Aspirin,FarmaCorp,Dislocation of the elbow
Azithromycin 250 mg,Azithromycin,FarmaCorp,Spondylosis
Aspirin 100 mg,Aspirin,FarmaCorp,Herpangina
Clopidogrel 75 mg,Clopidogrel,FarmaCorp,Injury to the shoulder
Azithromycin 250 mg,Azithromycin,FarmaCorp,Poisoning due to antidepressants
Morphine 5 mg,Morphine,FarmaCorp,Infection of open wound
Atorvastatin 20 mg,Atorvastatin,FarmaCorp,Deep vein thrombosis (DVT)
Paracetamol 500 mg,Paracetamol,FarmaCorp,Protein deficiency
Salbutamol Inhaler 100 mcg,Salbutamol,FarmaCorp,Myoclonus
Ciprofloxacin 500 mg,Ciprofloxacin,FarmaCorp,Bone spur of the calcaneous
Atorvastatin 20 mg,Atorvastatin,FarmaCorp,Von Willebrand disease
Paracetamol 500 mg,Paracetamol,FarmaCorp,Open wound of the back
Sertraline 50 mg,Sertraline,FarmaCorp,Heart block
Clopidogrel 75 mg,Clopidogrel,FarmaCorp,Colonic polyp
Prednisone 10 mg,Prednisone,FarmaCorp,Hypospadias
Aspirin 100 mg,Aspirin,FarmaCorp,Magnesium deficiency
Losartan 50 mg,Losartan,FarmaCorp,Female infertility of unknown cause
Furosemide 40 mg,Furosemide,FarmaCorp,Pericarditis
Omeprazole 20 mg,Omeprazole,FarmaCorp,Attention deficit hyperactivity disorder (ADHD)
Levothyroxine 50 mcg,Levothyroxine,FarmaCorp,Neuromyelitis optica
Heparin 5000 IU,Heparin,FarmaCorp,Pulmonic valve disease
Losartan 50 mg,Losartan,FarmaCorp,Tietze syndrome
Ibuprofen 400 mg,Ibuprofen,FarmaCorp,Cranial nerve palsy
Levothyroxine 50 mcg,Levothyroxine,FarmaCorp,Injury to the arm
Salbutamol Inhaler 100 mcg,Salbutamol,FarmaCorp,Conversion disorder
Losartan 50 mg,Losartan,FarmaCorp,Complex regional pain syndrome
Furosemide 40 mg,Furosemide,FarmaCorp,Otosclerosis
Aspirin 100 mg,Aspirin,FarmaCorp,Injury to the trunk
Heparin 5000 IU,Heparin,FarmaCorp,Hypothyroidism
Losartan 50 mg,Losartan,FarmaCorp,Primary insomnia
Amoxicillin 500 mg,Amoxicillin,FarmaCorp,Lice
Heparin 5000 IU,Heparin,FarmaCorp,Vitamin B12 deficiency
Insulin 10 IU,Insulin,FarmaCorp,Diabetes
Metformin 500 mg,Metformin,FarmaCorp,Vulvodynia
Losartan 50 mg,Losartan,FarmaCorp,Endometriosis
Salbutamol Inhaler 100 mcg,Salbutamol,FarmaCorp,Vasculitis
Salbutamol Inhaler 100 mcg,Salbutamol,FarmaCorp,Concussion
Metformin 500 mg,Metformin,FarmaCorp,Oral leukoplakia
Morphine 5 mg,Morphine,FarmaCorp,Chronic kidney disease
Clopidogrel 75 mg,Clopidogrel,FarmaCorp,Bladder disorder
Morphine 5 mg,Morphine,FarmaCorp,Chorioretinitis
Prednisone 10 mg,Prednisone,FarmaCorp,Priapism
Losartan 50 mg,Losartan,FarmaCorp,Myositis
Insulin 10 IU,Insulin,FarmaCorp,Mononucleosis
Paracetamol 500 mg,Paracetamol,FarmaCorp,Neuralgia
Atorvastatin 20 mg,Atorvastatin,FarmaCorp,Polycystic kidney disease
Furosemide 40 mg,Furosemide,FarmaCorp,Bipolar disorder
Paracetamol 500 mg,Paracetamol,FarmaCorp,Amyloidosis
Amlodipine 5 mg,Amlodipine,FarmaCorp,Chronic inflammatory demyelinating polyneuropathy (CIDP)
Amlodipine 5 mg,Amlodipine,FarmaCorp,Gastroesophageal reflux disease (GERD)
Salbutamol Inhaler 100 mcg,Salbutamol,FarmaCorp,Vitreous hemorrhage
Prednisone 10 mg,Prednisone,FarmaCorp,Poisoning due to antimicrobial drugs
Salbutamol Inhaler 100 mcg,Salbutamol,FarmaCorp,Open wound of the mouth
Heparin 5000 IU,Heparin,FarmaCorp,Scleroderma
Morphine 5 mg,Morphine,FarmaCorp,Myasthenia gravis
Aspirin 100 mg,Aspirin,FarmaCorp,Hypoglycemia
Metformin 500 mg,Metformin,FarmaCorp,Idiopathic absence of menstruation
Morphine 5 mg,Morphine,FarmaCorp,Dislocation of the ankle
Insulin 10 IU,Insulin,FarmaCorp,Carbon monoxide poisoning
Insulin 10 IU,Insulin,FarmaCorp,Panic attack
Paracetamol 500 mg,Paracetamol,FarmaCorp,Plantar fasciitis
Furosemide 40 mg,Furosemide,FarmaCorp,Hyperopia
Aspirin 100 mg,Aspirin,FarmaCorp,Poisoning due to sedatives
Sertraline 50 mg,Sertraline,FarmaCorp,Pemphigus
Omeprazole 20 mg,Omeprazole,FarmaCorp,Peyronie disease
Furosemide 40 mg,Furosemide,FarmaCorp,Hiatal hernia
Ciprofloxacin 500 mg,Ciprofloxacin,FarmaCorp,Extrapyramidal effect of drugs
Furosemide 40 mg,Furosemide,FarmaCorp,Meniere disease
Amoxicillin 500 mg,Amoxicillin,FarmaCorp,Anal fissure
Heparin 5000 IU,Heparin,FarmaCorp,Allergy
Sertraline 50 mg,Sertraline,FarmaCorp,Chronic otitis media
Aspirin 100 mg,Aspirin,FarmaCorp,Fracture of the finger
Paracetamol 500 mg,Paracetamol,FarmaCorp,Hirschsprung disease
Insulin 10 IU,Insulin,FarmaCorp,Polymyalgia rheumatica
Morphine 5 mg,Morphine,FarmaCorp,Lymphedema
Furosemide 40 mg,Furosemide,FarmaCorp,Bladder cancer
Azithromycin 250 mg,Azithromycin,FarmaCorp,Acute bronchospasm
Salbutamol Inhaler 100 mcg,Salbutamol,FarmaCorp,Acute glaucoma
Salbutamol Inhaler 100 mcg,Salbutamol,FarmaCorp,Open wound of the chest
Losartan 50 mg,Losartan,FarmaCorp,Dislocation of the patella
Heparin 5000 IU,Heparin,FarmaCorp,Sciatica
Heparin 5000 IU,Heparin,FarmaCorp,Hypercalcemia
Clopidogrel 75 mg,Clopidogrel,FarmaCorp,Stress incontinence
Salbutamol Inhaler 100 mcg,Salbutamol,FarmaCorp,Varicose veins
Amoxicillin 500 mg,Amoxicillin,FarmaCorp,Benign kidney cyst
Metformin 500 mg,Metformin,FarmaCorp,Hydrocele of the testicle
Omeprazole 20 mg,Omeprazole,FarmaCorp,Degenerative disc disease
Amoxicillin 500 mg,Amoxicillin,FarmaCorp,Hirsutism
Amoxicillin 500 mg,Amoxicillin,FarmaCorp,Dislocation of the foot
Heparin 5000 IU,Heparin,FarmaCorp,Hydronephrosis
Metformin 500 mg,Metformin,FarmaCorp,Diverticulosis
Amoxicillin 500 mg,Amoxicillin,FarmaCorp,Pain after an operation
Metformin 500 mg,Metformin,FarmaCorp,Huntington disease
Metformin 500 mg,Metformin,FarmaCorp,West Nile virus
Clopidogrel 75 mg,Clopidogrel,FarmaCorp,Lymphoma
Aspirin 100 mg,Aspirin,FarmaCorp,Dermatitis due to sun exposure
Metformin 500 mg,Metformin,FarmaCorp,Anemia due to chronic kidney disease
Salbutamol Inhaler 100 mcg,Salbutamol,FarmaCorp,Injury to internal organ
Levothyroxine 50 mcg,Levothyroxine,FarmaCorp,Scleritis
Amlodipine 5 mg,Amlodipine,FarmaCorp,Pterygium
Levothyroxine 50 mcg,Levothyroxine,FarmaCorp,Fungal infection of the skin
Azithromycin 250 mg,Azithromycin,FarmaCorp,Insulin overdose
Clopidogrel 75 mg,Clopidogrel,FarmaCorp,Syndrome of inappropriate secretion of ADH (SIADH)
Amoxicillin 500 mg,Amoxicillin,FarmaCorp,Foreign body in the ear
Ciprofloxacin 500 mg,Ciprofloxacin,FarmaCorp,Premenstrual tension syndrome
Losartan 50 mg,Losartan,FarmaCorp,Orbital cellulitis
Atorvastatin 20 mg,Atorvastatin,FarmaCorp,Injury to the leg
Amoxicillin 500 mg,Amoxicillin,FarmaCorp,Hepatic encephalopathy
Metformin 500 mg,Metformin,FarmaCorp,Bone cancer
Heparin 5000 IU,Heparin,FarmaCorp,Leishmaniasis
Insulin 10 IU,Insulin,FarmaCorp,Chagas disease
Morphine 5 mg,Morphine,FarmaCorp,Syringomyelia
Prednisone 10 mg,Prednisone,FarmaCorp,Pulmonary fibrosis
Heparin 5000 IU,Heparin,FarmaCorp,Mitral valve disease
Ibuprofen 400 mg,Ibuprofen,FarmaCorp,Parkinson disease
Furosemide 40 mg,Furosemide,FarmaCorp,Gout
Ciprofloxacin 500 mg,Ciprofloxacin,FarmaCorp,Otitis media
Prednisone 10 mg,Prednisone,FarmaCorp,Drug abuse (opioids)
Prednisone 10 mg,Prednisone,FarmaCorp,Myelodysplastic syndrome
Losartan 50 mg,Losartan,FarmaCorp,Fracture of the shoulder
Ibuprofen 400 mg,Ibuprofen,FarmaCorp,Acute kidney injury
Omeprazole 20 mg,Omeprazole,FarmaCorp,Threatened pregnancy
Insulin 10 IU,Insulin,FarmaCorp,Intracranial abscess
Furosemide 40 mg,Furosemide,FarmaCorp,Gum disease
Azithromycin 250 mg,Azithromycin,FarmaCorp,Open wound from surgical incision
Aspirin 100 mg,Aspirin,FarmaCorp,Gastrointestinal hemorrhage
Sertraline 50 mg,Sertraline,FarmaCorp,Seborrheic dermatitis
Clopidogrel 75 mg,Clopidogrel,FarmaCorp,Drug abuse (methamphetamine)
Azithromycin 250 mg,Azithromycin,FarmaCorp,Torticollis
Amoxicillin 500 mg,Amoxicillin,FarmaCorp,Poisoning due to antihypertensives
Omeprazole 20 mg,Omeprazole,FarmaCorp,Tension headache
Insulin 10 IU,Insulin,FarmaCorp,Alcohol intoxication
Losartan 50 mg,Losartan,FarmaCorp,Scurvy
Prednisone 10 mg,Prednisone,FarmaCorp,Narcolepsy
Levothyroxine 50 mcg,Levothyroxine,FarmaCorp,Primary kidney disease
Insulin 10 IU,Insulin,FarmaCorp,Uterine cancer
Prednisone 10 mg,Prednisone,FarmaCorp,Dry eye of unknown cause
Clopidogrel 75 mg,Clopidogrel,FarmaCorp,Fibrocystic breast disease
Metformin 500 mg,Metformin,FarmaCorp,Fungal infection of the hair
Furosemide 40 mg,Furosemide,FarmaCorp,Tooth abscess
Amlodipine 5 mg,Amlodipine,FarmaCorp,Leptospirosis
Aspirin 100 mg,Aspirin,FarmaCorp,Envenomation from spider or animal bite
Clopidogrel 75 mg,Clopidogrel,FarmaCorp,VACTERL syndrome
Azithromycin 250 mg,Azithromycin,FarmaCorp,Vertebrobasilar insufficiency
Atorvastatin 20 mg,Atorvastatin,FarmaCorp,Rectal disorder
Morphine 5 mg,Morphine,FarmaCorp,Atonic bladder
Salbutamol Inhaler 100 mcg,Salbutamol,FarmaCorp,Benign paroxysmal positional vertical (BPPV)
Azithromycin 250 mg,Azithromycin,FarmaCorp,Blepharospasm
Furosemide 40 mg,Furosemide,FarmaCorp,Sarcoidosis
Losartan 50 mg,Losartan,FarmaCorp,Metastatic cancer
Amoxicillin 500 mg,Amoxicillin,FarmaCorp,Trigger finger (finger disorder)
Omeprazole 20 mg,Omeprazole,FarmaCorp,Stye
Prednisone 10 mg,Prednisone,FarmaCorp,Hemochromatosis
Amlodipine 5 mg,Amlodipine,FarmaCorp,Osteochondroma
Ciprofloxacin 500 mg,Ciprofloxacin,FarmaCorp,Cushing syndrome
Ciprofloxacin 500 mg,Ciprofloxacin,FarmaCorp,Typhoid fever
Prednisone 10 mg,Prednisone,FarmaCorp,Vitreous degeneration
Omeprazole 20 mg,Omeprazole,FarmaCorp,Atrophic skin condition
Ciprofloxacin 500 mg,Ciprofloxacin,FarmaCorp,Aspergillosis
Insulin 10 IU,Insulin,FarmaCorp,Uterine atony
Amlodipine 5 mg,Amlodipine,FarmaCorp,Trichinosis
Insulin 10 IU,Insulin,FarmaCorp,Whooping cough
Insulin 10 IU,Insulin,FarmaCorp,Pick disease
Azithromycin 250 mg,Azithromycin,FarmaCorp,Open wound of the lip
Losartan 50 mg,Losartan,FarmaCorp,Subacute thyroiditis
Amoxicillin 500 mg,Amoxicillin,FarmaCorp,Oral mucosal lesion
Prednisone 10 mg,Prednisone,FarmaCorp,Open wound due to trauma
Levothyroxine 50 mcg,Levothyroxine,FarmaCorp,Intracerebral hemorrhage
Paracetamol 500 mg,Paracetamol,FarmaCorp,Alzheimer disease
Furosemide 40 mg,Furosemide,FarmaCorp,Vaginismus
Salbutamol Inhaler 100 mcg,Salbutamol,FarmaCorp,Systemic lupus erythematosis (SLE)
Atorvastatin 20 mg,Atorvastatin,FarmaCorp,Premature ovarian failure
Metformin 500 mg,Metformin,FarmaCorp,Thoracic outlet syndrome
Insulin 10 IU,Insulin,FarmaCorp,Ganglion cyst
Ciprofloxacin 500 mg,Ciprofloxacin,FarmaCorp,Dislocation of the knee
Amlodipine 5 mg,Amlodipine,FarmaCorp,Crohn disease
Salbutamol Inhaler 100 mcg,Salbutamol,FarmaCorp,Postoperative infection
Omeprazole 20 mg,Omeprazole,FarmaCorp,Folate deficiency
Levothyroxine 50 mcg,Levothyroxine,FarmaCorp,Fluid overload
Furosemide 40 mg,Furosemide,FarmaCorp,Atrial flutter
Prednisone 10 mg,Prednisone,FarmaCorp,Skin disorder
Amoxicillin 500 mg,Amoxicillin,FarmaCorp,Floaters
Heparin 5000 IU,Heparin,FarmaCorp,Tooth disorder
Prednisone 10 mg,Prednisone,FarmaCorp,Heart attack
Amlodipine 5 mg,Amlodipine,FarmaCorp,Open wound of the abdomen
Furosemide 40 mg,Furosemide,FarmaCorp,Fracture of the leg
Ibuprofen 400 mg,Ibuprofen,FarmaCorp,Oral thrush (yeast infection)
Salbutamol Inhaler 100 mcg,Salbutamol,FarmaCorp,Pityriasis rosea
Losartan 50 mg,Losartan,FarmaCorp,Allergy to animals
Amoxicillin 500 mg,Amoxicillin,FarmaCorp,Orthostatic hypotension
Aspirin 100 mg,Aspirin,FarmaCorp,Obstructive sleep apnea (OSA)
Sertraline 50 mg,Sertraline,FarmaCorp,Hypokalemia
Losartan 50 mg,Losartan,FarmaCorp,Psoriasis
Ciprofloxacin 500 mg,Ciprofloxacin,FarmaCorp,Dislocation of the shoulder
Ciprofloxacin 500 mg,Ciprofloxacin,FarmaCorp,Intussusception
Metformin 500 mg,Metformin,FarmaCorp,Cervicitis
Furosemide 40 mg,Furosemide,FarmaCorp,Abscess of the pharynx
Omeprazole 20 mg,Omeprazole,FarmaCorp,Primary thrombocythemia
Omeprazole 20 mg,Omeprazole,FarmaCorp,Arthritis of the hip
Ibuprofen 400 mg,Ibuprofen,FarmaCorp,Decubitus ulcer
Levothyroxine 50 mcg,Levothyroxine,FarmaCorp,Hypernatremia
Amoxicillin 500 mg,Amoxicillin,FarmaCorp,Sensorineural hearing loss
Amoxicillin 500 mg,Amoxicillin,FarmaCorp,Chronic ulcer
Ibuprofen 400 mg,Ibuprofen,FarmaCorp,Osteoporosis
Omeprazole 20 mg,Omeprazole,FarmaCorp,Ileus
Losartan 50 mg,Losartan,FarmaCorp,Sickle cell crisis
Losartan 50 mg,Losartan,FarmaCorp,Urethritis
Sertraline 50 mg,Sertraline,FarmaCorp,Prostatitis
Amlodipine 5 mg,Amlodipine,FarmaCorp,Otitis externa (swimmer's ear)
Amoxicillin 500 mg,Amoxicillin,FarmaCorp,Poisoning due to anticonvulsants
Atorvastatin 20 mg,Atorvastatin,FarmaCorp,Testicular torsion
Amlodipine 5 mg,Amlodipine,FarmaCorp,Tricuspid valve disease
Clopidogrel 75 mg,Clopidogrel,FarmaCorp,Urethral stricture
Ibuprofen 400 mg,Ibuprofen,FarmaCorp,Vitamin D deficiency
Ciprofloxacin 500 mg,Ciprofloxacin,FarmaCorp,Hydatidiform mole
Sertraline 50 mg,Sertraline,FarmaCorp,Pain disorder affecting the neck
Omeprazole 20 mg,Omeprazole,FarmaCorp,Tuberculosis
Metformin 500 mg,Metformin,FarmaCorp,Pelvic fistula
Ciprofloxacin 500 mg,Ciprofloxacin,FarmaCorp,Acute bronchiolitis
Ciprofloxacin 500 mg,Ciprofloxacin,FarmaCorp,Presbyopia
Aspirin 100 mg,Aspirin,FarmaCorp,Dementia
Losartan 50 mg,Losartan,FarmaCorp,Insect bite
Heparin 5000 IU,Heparin,FarmaCorp,Paroxysmal ventricular tachycardia
Heparin 5000 IU,Heparin,FarmaCorp,Congenital heart defect
Azithromycin 250 mg,Azithromycin,FarmaCorp,Connective tissue disorder
Morphine 5 mg,Morphine,FarmaCorp,Foreign body in the eye
Prednisone 10 mg,Prednisone,FarmaCorp,Poisoning due to gas
Clopidogrel 75 mg,Clopidogrel,FarmaCorp,Pyogenic skin infection
Morphine 5 mg,Morphine,FarmaCorp,Endometrial hyperplasia
Levothyroxine 50 mcg,Levothyroxine,FarmaCorp,Acanthosis nigricans
Salbutamol Inhaler 100 mcg,Salbutamol,FarmaCorp,Central atherosclerosis
Atorvastatin 20 mg,Atorvastatin,FarmaCorp,Viral exanthem
Azithromycin 250 mg,Azithromycin,FarmaCorp,Blastomycosis
Omeprazole 20 mg,Omeprazole,FarmaCorp,Noninfectious gastroenteritis
Insulin 10 IU,Insulin,FarmaCorp,Benign prostatic hyperplasia (BPH)
Sertraline 50 mg,Sertraline,FarmaCorp,Menopause
Aspirin 100 mg,Aspirin,FarmaCorp,Primary immunodeficiency
Omeprazole 20 mg,Omeprazole,FarmaCorp,Ovarian cancer
Metformin 500 mg,Metformin,FarmaCorp,Cataract
Morphine 5 mg,Morphine,FarmaCorp,Dislocation of the hip
Insulin 10 IU,Insulin,FarmaCorp,Spinal stenosis
Losartan 50 mg,Losartan,FarmaCorp,Intestinal obstruction
Omeprazole 20 mg,Omeprazole,FarmaCorp,Heart contusion
Clopidogrel 75 mg,Clopidogrel,FarmaCorp,Congenital malformation syndrome
Losartan 50 mg,Losartan,FarmaCorp,Sporotrichosis
Aspirin 100 mg,Aspirin,FarmaCorp,Lymphangitis
Losartan 50 mg,Losartan,FarmaCorp,Wernicke Korsakoff syndrome
Ciprofloxacin 500 mg,Ciprofloxacin,FarmaCorp,Intestinal disease
Heparin 5000 IU,Heparin,FarmaCorp,Acute bronchitis
Losartan 50 mg,Losartan,FarmaCorp,Persistent vomiting of unknown cause
Omeprazole 20 mg,Omeprazole,FarmaCorp,Open wound of the foot
Atorvastatin 20 mg,Atorvastatin,FarmaCorp,Myocarditis
Levothyroxine 50 mcg,Levothyroxine,FarmaCorp,Preeclampsia
Ciprofloxacin 500 mg,Ciprofloxacin,FarmaCorp,Ischemic heart disease
Insulin 10 IU,Insulin,FarmaCorp,Neurofibromatosis
Morphine 5 mg,Morphine,FarmaCorp,Chickenpox
Azithromycin 250 mg,Azithromycin,FarmaCorp,Pancreatic cancer
Prednisone 10 mg,Prednisone,FarmaCorp,Neuropathy due to drugs
Aspirin 100 mg,Aspirin,FarmaCorp,Croup
Furosemide 40 mg,Furosemide,FarmaCorp,Idiopathic excessive menstruation
Insulin 10 IU,Insulin,FarmaCorp,Amblyopia
Insulin 10 IU,Insulin,FarmaCorp,Meckel diverticulum
Salbutamol Inhaler 100 mcg,Salbutamol,FarmaCorp,Dislocation of the wrist
Clopidogrel 75 mg,Clopidogrel,FarmaCorp,Ear drum damage
Amoxicillin 500 mg,Amoxicillin,FarmaCorp,Erectile dysfunction
Ibuprofen 400 mg,Ibuprofen,FarmaCorp,Temporary or benign blood in urine
Ibuprofen 400 mg,Ibuprofen,FarmaCorp,Kidney disease due to longstanding hypertension
Aspirin 100 mg,Aspirin,FarmaCorp,Chondromalacia of the patella
Amlodipine 5 mg,Amlodipine,FarmaCorp,Onychomycosis
Heparin 5000 IU,Heparin,FarmaCorp,Urethral disorder
Insulin 10 IU,Insulin,FarmaCorp,Lyme disease
Insulin 10 IU,Insulin,FarmaCorp,Iron deficiency anemia
Sertraline 50 mg,Sertraline,FarmaCorp,Acute respiratory distress syndrome (ARDS)
Ciprofloxacin 500 mg,Ciprofloxacin,FarmaCorp,Toxic multinodular goiter
Clopidogrel 75 mg,Clopidogrel,FarmaCorp,Open wound of the finger
Ciprofloxacin 500 mg,Ciprofloxacin,FarmaCorp,Autonomic nervous system disorder
Clopidogrel 75 mg,Clopidogrel,FarmaCorp,Psychosexual disorder
Amlodipine 5 mg,Amlodipine,FarmaCorp,Anemia
Ciprofloxacin 500 mg,Ciprofloxacin,FarmaCorp,Tendinitis
Azithromycin 250 mg,Azithromycin,FarmaCorp,Common cold
Sertraline 50 mg,Sertraline,FarmaCorp,Amyotrophic lateral sclerosis (ALS)
Sertraline 50 mg,Sertraline,FarmaCorp,Central retinal artery or vein occlusion
Ibuprofen 400 mg,Ibuprofen,FarmaCorp,Paroxysmal supraventricular tachycardia
Levothyroxine 50 mcg,Levothyroxine,FarmaCorp,Venous insufficiency
Amlodipine 5 mg,Amlodipine,FarmaCorp,Trichomonas infection
Aspirin 100 mg,Aspirin,FarmaCorp,Acne
Heparin 5000 IU,Heparin,FarmaCorp,Depression
Sertraline 50 mg,Sertraline,FarmaCorp,Drug abuse
Clopidogrel 75 mg,Clopidogrel,FarmaCorp,Urinary tract obstruction
Sertraline 50 mg,Sertraline,FarmaCorp,Diabetes insipidus
Atorvastatin 20 mg,Atorvastatin,FarmaCorp,Iridocyclitis
Losartan 50 mg,Losartan,FarmaCorp,Varicocele of the testicles
Paracetamol 500 mg,Paracetamol,FarmaCorp,Irritable bowel syndrome
Sertraline 50 mg,Sertraline,FarmaCorp,Fracture of the foot
Metformin 500 mg,Metformin,FarmaCorp,Ovarian cyst
Paracetamol 500 mg,Paracetamol,FarmaCorp,Chlamydia
Salbutamol Inhaler 100 mcg,Salbutamol,FarmaCorp,Parasitic disease
Losartan 50 mg,Losartan,FarmaCorp,Fracture of the jaw
Heparin 5000 IU,Heparin,FarmaCorp,Cytomegalovirus infection
Clopidogrel 75 mg,Clopidogrel,FarmaCorp,Lipoma
Amlodipine 5 mg,Amlodipine,FarmaCorp,Female genitalia infection
Omeprazole 20 mg,Omeprazole,FarmaCorp,Pulmonary hypertension
Amoxicillin 500 mg,Amoxicillin,FarmaCorp,Thyroid nodule
Insulin 10 IU,Insulin,FarmaCorp,Broken tooth
Sertraline 50 mg,Sertraline,FarmaCorp,Dumping syndrome
Azithromycin 250 mg,Azithromycin,FarmaCorp,Lymphadenitis
Atorvastatin 20 mg,Atorvastatin,FarmaCorp,Injury to the face
Morphine 5 mg,Morphine,FarmaCorp,Aortic valve disease
Insulin 10 IU,Insulin,FarmaCorp,Rheumatoid arthritis
Ciprofloxacin 500 mg,Ciprofloxacin,FarmaCorp,Spermatocele
Prednisone 10 mg,Prednisone,FarmaCorp,Impetigo
Losartan 50 mg,Losartan,FarmaCorp,Anal fistula
Clopidogrel 75 mg,Clopidogrel,FarmaCorp,Hypothermia
Omeprazole 20 mg,Omeprazole,FarmaCorp,Oppositional disorder
Paracetamol 500 mg,Paracetamol,FarmaCorp,Migraine
Ciprofloxacin 500 mg,Ciprofloxacin,FarmaCorp,Diabetic peripheral neuropathy
Metformin 500 mg,Metformin,FarmaCorp,Testicular disorder
Clopidogrel 75 mg,Clopidogrel,FarmaCorp,Gestational diabetes
Salbutamol Inhaler 100 mcg,Salbutamol,FarmaCorp,Hidradenitis suppurativa
Clopidogrel 75 mg,Clopidogrel,FarmaCorp,Valley fever
Metformin 500 mg,Metformin,FarmaCorp,Conjunctivitis due to bacteria
Metformin 500 mg,Metformin,FarmaCorp,Lewy body dementia
Losartan 50 mg,Losartan,FarmaCorp,Marfan syndrome
Omeprazole 20 mg,Omeprazole,FarmaCorp,Multiple myeloma
Salbutamol Inhaler 100 mcg,Salbutamol,FarmaCorp,Stomach cancer
Atorvastatin 20 mg,Atorvastatin,FarmaCorp,Developmental disability
Losartan 50 mg,Losartan,FarmaCorp,Acute stress reaction
Metformin 500 mg,Metformin,FarmaCorp,Delirium
Amlodipine 5 mg,Amlodipine,FarmaCorp,Callus
Paracetamol 500 mg,Paracetamol,FarmaCorp,Guillain Barre syndrome
Azithromycin 250 mg,Azithromycin,FarmaCorp,Lumbago
Ciprofloxacin 500 mg,Ciprofloxacin,FarmaCorp,Deviated nasal septum
Morphine 5 mg,Morphine,FarmaCorp,Hemangioma
Metformin 500 mg,Metformin,FarmaCorp,Patau syndrome
Clopidogrel 75 mg,Clopidogrel,FarmaCorp,Peripheral arterial disease
Insulin 10 IU,Insulin,FarmaCorp,Chronic back pain
Omeprazole 20 mg,Omeprazole,FarmaCorp,Heart failure
Metformin 500 mg,Metformin,FarmaCorp,Conjunctivitis
Insulin 10 IU,Insulin,FarmaCorp,Herniated disk
Furosemide 40 mg,Furosemide,FarmaCorp,Rhabdomyolysis
Paracetamol 500 mg,Paracetamol,FarmaCorp,Breast infection (mastitis)
Furosemide 40 mg,Furosemide,FarmaCorp,Abdominal aortic aneurysm
Losartan 50 mg,Losartan,FarmaCorp,Pulmonary embolism
Amlodipine 5 mg,Amlodipine,FarmaCorp,Conduct disorder
Heparin 5000 IU,Heparin,FarmaCorp,Air embolism
Furosemide 40 mg,Furosemide,FarmaCorp,Mastectomy
Amoxicillin 500 mg,Amoxicillin,FarmaCorp,Epididymitis
Amlodipine 5 mg,Amlodipine,FarmaCorp,Premature rupture of amniotic membrane
Prednisone 10 mg,Prednisone,FarmaCorp,Molluscum contagiosum
Amlodipine 5 mg,Amlodipine,FarmaCorp,Necrotizing fasciitis
Atorvastatin 20 mg,Atorvastatin,FarmaCorp,Benign vaginal discharge (leukorrhea)
Clopidogrel 75 mg,Clopidogrel,FarmaCorp,Bladder obstruction
Sertraline 50 mg,Sertraline,FarmaCorp,Melanoma
Atorvastatin 20 mg,Atorvastatin,FarmaCorp,Cervical disorder
Amoxicillin 500 mg,Amoxicillin,FarmaCorp,Laryngitis
Insulin 10 IU,Insulin,FarmaCorp,Dyshidrosis
Insulin 10 IU,Insulin,FarmaCorp,Poisoning due to opioids
Aspirin 100 mg,Aspirin,FarmaCorp,Diaper rash
Amlodipine 5 mg,Amlodipine,FarmaCorp,Lichen planus
Ciprofloxacin 500 mg,Ciprofloxacin,FarmaCorp,Gastroduodenal ulcer
Furosemide 40 mg,Furosemide,FarmaCorp,Inguinal hernia
Omeprazole 20 mg,Omeprazole,FarmaCorp,Eczema
Amlodipine 5 mg,Amlodipine,FarmaCorp,Asperger syndrome
Clopidogrel 75 mg,Clopidogrel,FarmaCorp,Mucositis
Clopidogrel 75 mg,Clopidogrel,FarmaCorp,Paronychia
Salbutamol Inhaler 100 mcg,Salbutamol,FarmaCorp,Open wound of the jaw
Omeprazole 20 mg,Omeprazole,FarmaCorp,White blood cell disease
Omeprazole 20 mg,Omeprazole,FarmaCorp,Kaposi sarcoma
Ciprofloxacin 500 mg,Ciprofloxacin,FarmaCorp,Spondylolisthesis
Ciprofloxacin 500 mg,Ciprofloxacin,FarmaCorp,Pseudotumor cerebri
Salbutamol Inhaler 100 mcg,Salbutamol,FarmaCorp,Conjunctivitis due to virus
Ciprofloxacin 500 mg,Ciprofloxacin,FarmaCorp,Open wound of the nose
Ciprofloxacin 500 mg,Ciprofloxacin,FarmaCorp,Head injury
Levothyroxine 50 mcg,Levothyroxine,FarmaCorp,Ascending cholangitis
Insulin 10 IU,Insulin,FarmaCorp,Idiopathic irregular menstrual cycle
Morphine 5 mg,Morphine,FarmaCorp,Interstitial lung disease
Paracetamol 500 mg,Paracetamol,FarmaCorp,Mononeuritis
Azithromycin 250 mg,Azithromycin,FarmaCorp,Malaria
Sertraline 50 mg,Sertraline,FarmaCorp,Somatization disorder
Ibuprofen 400 mg,Ibuprofen,FarmaCorp,Hypovolemia
Paracetamol 500 mg,Paracetamol,FarmaCorp,Schizophrenia
Azithromycin 250 mg,Azithromycin,FarmaCorp,Knee ligament or meniscus tear
Metformin 500 mg,Metformin,FarmaCorp,Endocarditis
Morphine 5 mg,Morphine,FarmaCorp,Sepsis
Furosemide 40 mg,Furosemide,FarmaCorp,Heat stroke
Prednisone 10 mg,Prednisone,FarmaCorp,Cholecystitis
Ibuprofen 400 mg,Ibuprofen,FarmaCorp,Cardiac arrest
Morphine 5 mg,Morphine,FarmaCorp,Cardiomyopathy
Amlodipine 5 mg,Amlodipine,FarmaCorp,Social phobia
Insulin 10 IU,Insulin,FarmaCorp,Meningitis
Aspirin 100 mg,Aspirin,FarmaCorp,Spherocytosis
Metformin 500 mg,Metformin,FarmaCorp,Hormone disorder
Amlodipine 5 mg,Amlodipine,FarmaCorp,Raynaud disease
Levothyroxine 50 mcg,Levothyroxine,FarmaCorp,Reactive arthritis
Metformin 500 mg,Metformin,FarmaCorp,Scabies
Furosemide 40 mg,Furosemide,FarmaCorp,Ear wax impaction
Sertraline 50 mg,Sertraline,FarmaCorp,Hypertension of pregnancy
Levothyroxine 50 mcg,Levothyroxine,FarmaCorp,Peripheral arterial embolism
Omeprazole 20 mg,Omeprazole,FarmaCorp,Rosacea
Morphine 5 mg,Morphine,FarmaCorp,Fracture of the skull
Prednisone 10 mg,Prednisone,FarmaCorp,Uveitis
Ibuprofen 400 mg,Ibuprofen,FarmaCorp,Fracture of the facial bones
Ibuprofen 400 mg,Ibuprofen,FarmaCorp,Tracheitis
Atorvastatin 20 mg,Atorvastatin,FarmaCorp,Jaw disorder
Clopidogrel 75 mg,Clopidogrel,FarmaCorp,Perirectal infection
Metformin 500 mg,Metformin,FarmaCorp,Breast cyst
Omeprazole 20 mg,Omeprazole,FarmaCorp,Post-traumatic stress disorder (PTSD)
Furosemide 40 mg,Furosemide,FarmaCorp,Kidney cancer
Insulin 10 IU,Insulin,FarmaCorp,Vulvar cancer
Omeprazole 20 mg,Omeprazole,FarmaCorp,Blepharitis
Levothyroxine 50 mcg,Levothyroxine,FarmaCorp,Celiac disease
Morphine 5 mg,Morphine,FarmaCorp,Cystitis
Sertraline 50 mg,Sertraline,FarmaCorp,Sickle cell anemia
Levothyroxine 50 mcg,Levothyroxine,FarmaCorp,Subconjunctival hemorrhage
Azithromycin 250 mg,Azithromycin,FarmaCorp,Hemorrhoids
Levothyroxine 50 mcg,Levothyroxine,FarmaCorp,Contact dermatitis
Morphine 5 mg,Morphine,FarmaCorp,Sinus bradycardia
Insulin 10 IU,Insulin,FarmaCorp,High blood pressure
Clopidogrel 75 mg,Clopidogrel,FarmaCorp,Pelvic inflammatory disease
Losartan 50 mg,Losartan,FarmaCorp,Liver disease
Omeprazole 20 mg,Omeprazole,FarmaCorp,Chronic constipation
Insulin 10 IU,Insulin,FarmaCorp,Thyroid cancer
Omeprazole 20 mg,Omeprazole,FarmaCorp,Flu
Morphine 5 mg,Morphine,FarmaCorp,Friedrich ataxia
Salbutamol Inhaler 100 mcg,Salbutamol,FarmaCorp,Tic (movement) disorder
Sertraline 50 mg,Sertraline,FarmaCorp,Skin polyp
Sertraline 50 mg,Sertraline,FarmaCorp,Brachial neuritis
Clopidogrel 75 mg,Clopidogrel,FarmaCorp,Cervical cancer
Insulin 10 IU,Insulin,FarmaCorp,Adrenal adenoma
Losartan 50 mg,Losartan,FarmaCorp,Esophagitis
Prednisone 10 mg,Prednisone,FarmaCorp,Gas gangrene
Amoxicillin 500 mg,Amoxicillin,FarmaCorp,Yeast infection
Ciprofloxacin 500 mg,Ciprofloxacin,FarmaCorp,Spina bifida
Prednisone 10 mg,Prednisone,FarmaCorp,Drug poisoning due to medication
Levothyroxine 50 mcg,Levothyroxine,FarmaCorp,Alcoholic liver disease
Azithromycin 250 mg,Azithromycin,FarmaCorp,Malignant hypertension
Paracetamol 500 mg,Paracetamol,FarmaCorp,Diverticulitis
Clopidogrel 75 mg,Clopidogrel,FarmaCorp,Moyamoya disease
Atorvastatin 20 mg,Atorvastatin,FarmaCorp,Heat exhaustion
Amoxicillin 500 mg,Amoxicillin,FarmaCorp,Psychotic disorder
Clopidogrel 75 mg,Clopidogrel,FarmaCorp,Frostbite
Ciprofloxacin 500 mg,Ciprofloxacin,FarmaCorp,Atrophy of the corpus cavernosum
Prednisone 10 mg,Prednisone,FarmaCorp,Smoking or tobacco addiction
Furosemide 40 mg,Furosemide,FarmaCorp,Sprain or strain
Amoxicillin 500 mg,Amoxicillin,FarmaCorp,Essential tremor
Amoxicillin 500 mg,Amoxicillin,FarmaCorp,Open wound of the ear
Clopidogrel 75 mg,Clopidogrel,FarmaCorp,Foreign body in the nose
Losartan 50 mg,Losartan,FarmaCorp,Idiopathic painful menstruation
Atorvastatin 20 mg,Atorvastatin,FarmaCorp,Down syndrome
Morphine 5 mg,Morphine,FarmaCorp,Idiopathic infrequent menstruation
Sertraline 50 mg,Sertraline,FarmaCorp,Pneumothorax
Ciprofloxacin 500 mg,Ciprofloxacin,FarmaCorp,De Quervain disease
Aspirin 100 mg,Aspirin,FarmaCorp,Fracture of the vertebra
Clopidogrel 75 mg,Clopidogrel,FarmaCorp,Human immunodeficiency virus infection (HIV)
Ibuprofen 400 mg,Ibuprofen,FarmaCorp,Mumps
Insulin 10 IU,Insulin,FarmaCorp,Subarachnoid hemorrhage
Azithromycin 250 mg,Azithromycin,FarmaCorp,Acute fatty liver of pregnancy (AFLP)
Ibuprofen 400 mg,Ibuprofen,FarmaCorp,Ectropion
Heparin 5000 IU,Heparin,FarmaCorp,Scar
Heparin 5000 IU,Heparin,FarmaCorp,Lactose intolerance
Amoxicillin 500 mg,Amoxicillin,FarmaCorp,Eustachian tube dysfunction (ear disorder)
Aspirin 100 mg,Aspirin,FarmaCorp,Appendicitis
Furosemide 40 mg,Furosemide,FarmaCorp,Graves disease
Sertraline 50 mg,Sertraline,FarmaCorp,Dissociative disorder
Salbutamol Inhaler 100 mcg,Salbutamol,FarmaCorp,Open wound of the face
Amlodipine 5 mg,Amlodipine,FarmaCorp,Dislocation of the vertebra
Losartan 50 mg,Losartan,FarmaCorp,Phimosis
Prednisone 10 mg,Prednisone,FarmaCorp,Hyperemesis gravidarum
Ibuprofen 400 mg,Ibuprofen,FarmaCorp,Pregnancy
Azithromycin 250 mg,Azithromycin,FarmaCorp,Thalassemia
Salbutamol Inhaler 100 mcg,Salbutamol,FarmaCorp,Placenta previa
Prednisone 10 mg,Prednisone,FarmaCorp,Epidural hemorrhage
Azithromycin 250 mg,Azithromycin,FarmaCorp,Septic arthritis
Salbutamol Inhaler 100 mcg,Salbutamol,FarmaCorp,Athlete's foot
Omeprazole 20 mg,Omeprazole,FarmaCorp,Pleural effusion
Sertraline 50 mg,Sertraline,FarmaCorp,Aphakia
Insulin 10 IU,Insulin,FarmaCorp,Vulvar disorder
Paracetamol 500 mg,Paracetamol,FarmaCorp,Vitamin B deficiency
Amlodipine 5 mg,Amlodipine,FarmaCorp,Sialoadenitis
Amlodipine 5 mg,Amlodipine,FarmaCorp,Gynecomastia
Prednisone 10 mg,Prednisone,FarmaCorp,Urinary tract infection
Aspirin 100 mg,Aspirin,FarmaCorp,Histoplasmosis
Ibuprofen 400 mg,Ibuprofen,FarmaCorp,Erythema multiforme
Furosemide 40 mg,Furosemide,FarmaCorp,Scoliosis
Atorvastatin 20 mg,Atorvastatin,FarmaCorp,Bunion
Ciprofloxacin 500 mg,Ciprofloxacin,FarmaCorp,Arrhythmia
Ciprofloxacin 500 mg,Ciprofloxacin,FarmaCorp,Paget disease
Omeprazole 20 mg,Omeprazole,FarmaCorp,Trigeminal neuralgia
Clopidogrel 75 mg,Clopidogrel,FarmaCorp,Ankylosing spondylitis
Insulin 10 IU,Insulin,FarmaCorp,Peripheral nerve disorder
Insulin 10 IU,Insulin,FarmaCorp,Sebaceous cyst
Levothyroxine 50 mcg,Levothyroxine,FarmaCorp,Poisoning due to antipsychotics
Omeprazole 20 mg,Omeprazole,FarmaCorp,Behcet disease
Heparin 5000 IU,Heparin,FarmaCorp,Neurosis
Levothyroxine 50 mcg,Levothyroxine,FarmaCorp,Prostate cancer
Ibuprofen 400 mg,Ibuprofen,FarmaCorp,Cerebral edema
Prednisone 10 mg,Prednisone,FarmaCorp,Dislocation of the finger
Salbutamol Inhaler 100 mcg,Salbutamol,FarmaCorp,Birth trauma
Clopidogrel 75 mg,Clopidogrel,FarmaCorp,Chronic pancreatitis
Aspirin 100 mg,Aspirin,FarmaCorp,Hematoma
Omeprazole 20 mg,Omeprazole,FarmaCorp,Carcinoid syndrome
Omeprazole 20 mg,Omeprazole,FarmaCorp,Open wound of the head
Heparin 5000 IU,Heparin,FarmaCorp,Seborrheic keratosis
Heparin 5000 IU,Heparin,FarmaCorp,Burn
Ibuprofen 400 mg,Ibuprofen,FarmaCorp,Spontaneous abortion
Omeprazole 20 mg,Omeprazole,FarmaCorp,Genital herpes
Amlodipine 5 mg,Amlodipine,FarmaCorp,Adjustment reaction
Ibuprofen 400 mg,Ibuprofen,FarmaCorp,Gallstone
Heparin 5000 IU,Heparin,FarmaCorp,Multiple sclerosis
Furosemide 40 mg,Furosemide,FarmaCorp,Zenker diverticulum
Amoxicillin 500 mg,Amoxicillin,FarmaCorp,Fracture of the pelvis
Azithromycin 250 mg,Azithromycin,FarmaCorp,Pneumoconiosis
Prednisone 10 mg,Prednisone,FarmaCorp,Hyperlipidemia
Insulin 10 IU,Insulin,FarmaCorp,Ulcerative colitis
Atorvastatin 20 mg,Atorvastatin,FarmaCorp,Male genitalia infection
Paracetamol 500 mg,Paracetamol,FarmaCorp,HPV
Ibuprofen 400 mg,Ibuprofen,FarmaCorp,Angina
Amlodipine 5 mg,Amlodipine,FarmaCorp,Injury to the spinal cord
Metformin 500 mg,Metformin,FarmaCorp,Nasal polyp
Insulin 10 IU,Insulin,FarmaCorp,Lichen simplex
Heparin 5000 IU,Heparin,FarmaCorp,Trichiasis
Omeprazole 20 mg,Omeprazole,FarmaCorp,Acariasis
Insulin 10 IU,Insulin,FarmaCorp,Colorectal cancer
Paracetamol 500 mg,Paracetamol,FarmaCorp,Skin pigmentation disorder
Omeprazole 20 mg,Omeprazole,FarmaCorp,Factitious disorder
Salbutamol Inhaler 100 mcg,Salbutamol,FarmaCorp,Lymphogranuloma venereum
Ibuprofen 400 mg,Ibuprofen,FarmaCorp,Galactorrhea of unknown cause
Morphine 5 mg,Morphine,FarmaCorp,G6PD enzyme deficiency
Atorvastatin 20 mg,Atorvastatin,FarmaCorp,Nerve impingement near the shoulder
Sertraline 50 mg,Sertraline,FarmaCorp,Toxoplasmosis
Heparin 5000 IU,Heparin,FarmaCorp,Fibroadenoma
Salbutamol Inhaler 100 mcg,Salbutamol,FarmaCorp,Open wound of the hand
Ciprofloxacin 500 mg,Ciprofloxacin,FarmaCorp,Missed abortion
Levothyroxine 50 mcg,Levothyroxine,FarmaCorp,Diabetic ketoacidosis
Furosemide 40 mg,Furosemide,FarmaCorp,Granuloma inguinale
Morphine 5 mg,Morphine,FarmaCorp,Hemorrhagic fever
Furosemide 40 mg,Furosemide,FarmaCorp,Obsessive compulsive disorder (OCD)
Azithromycin 250 mg,Azithromycin,FarmaCorp,Injury of the ankle
Amlodipine 5 mg,Amlodipine,FarmaCorp,Hyponatremia
Ibuprofen 400 mg,Ibuprofen,FarmaCorp,Stricture of the esophagus
Heparin 5000 IU,Heparin,FarmaCorp,Fracture of the ankle
Amoxicillin 500 mg,Amoxicillin,FarmaCorp,Soft tissue sarcoma
Azithromycin 250 mg,Azithromycin,FarmaCorp,Bone disorder
Heparin 5000 IU,Heparin,FarmaCorp,Epilepsy
Salbutamol Inhaler 100 mcg,Salbutamol,FarmaCorp,Personality disorder
Omeprazole 20 mg,Omeprazole,FarmaCorp,Shingles (herpes zoster)
Paracetamol 500 mg,Paracetamol,FarmaCorp,Tourette syndrome
Heparin 5000 IU,Heparin,FarmaCorp,Avascular necrosis
Aspirin 100 mg,Aspirin,FarmaCorp,Strep throat
Heparin 5000 IU,Heparin,FarmaCorp,Spinocerebellar ataxia
Ciprofloxacin 500 mg,Ciprofloxacin,FarmaCorp,Osteomyelitis
Azithromycin 250 mg,Azithromycin,FarmaCorp,Sjogren syndrome
Losartan 50 mg,Losartan,FarmaCorp,Adhesive capsulitis of the shoulder
Sertraline 50 mg,Sertraline,FarmaCorp,Viral hepatitis
Metformin 500 mg,Metformin,FarmaCorp,Tonsillar hypertrophy
Ciprofloxacin 500 mg,Ciprofloxacin,FarmaCorp,Gastritis
Omeprazole 20 mg,Omeprazole,FarmaCorp,Skin cancer
Sertraline 50 mg,Sertraline,FarmaCorp,Rheumatic fever
Sertraline 50 mg,Sertraline,FarmaCorp,Aphthous ulcer
Clopidogrel 75 mg,Clopidogrel,FarmaCorp,Tonsillitis
Atorvastatin 20 mg,Atorvastatin,FarmaCorp,Intestinal cancer
Prednisone 10 mg,Prednisone,FarmaCorp,Rocky Mountain spotted fever
